,CURRENCY_Log_Change,CURRENCY_High_Low_Spread,GOLD_Log_Change,GOLD_High_Low_Spread,TREASURY_Log_Change,TREASURY_High_Low_Spread,VIX_Log_Change,VIX_High_Low_Spread,NASDAQ_1hr_Moving_Average,NASDAQ_Volatility,SENTIMENT_Neg,SENTIMENT_Neu,SENTIMENT_Pos
2022-11-21,0.0,0.0106207132339477,0.0,8.800048828125,0.0,0.0739998817443847,0.0,1.8200019999999988,11592.2901,0.0006074238686068,,,
2022-11-22,-0.0082820049087506,0.0046800374984741,0.0005178953391911,3.39990234375,-0.0176716061609081,0.0679998397827148,-0.0490361671338208,1.4299980000000012,11554.068349999998,0.0010868991604967,0.008,0.832,0.16
2022-11-23,0.0063623649065434,0.0083929300308227,0.0037896091787737,14.4000244140625,-0.0139337215314973,0.1019999980926513,-0.0451566139871916,1.4600009999999983,11725.8161,0.0005823572651623,0.0505,0.855,0.0945
2022-11-25,-0.0007809388137341,0.0072903633117675,0.0048024929294994,8.7000732421875,-0.0040557321386159,0.0750000476837158,0.0,0.6500020000000006,11834.278,0.0007800830701362,0.0653333333333333,0.8513333333333334,0.0826666666666666
2022-11-28,-0.0039059344481852,0.0154266357421875,-0.0075571855340836,1.2000732421875,0.0032459005606186,0.0499999523162841,0.0801177067372089,0.8500000000000014,11754.62225,0.0009600721672809,0.025,0.945,0.03
2022-11-29,-0.0021230044815688,0.006868839263916,0.0047585291615505,20.2999267578125,0.0120790189657601,0.0800001621246337,-0.0145127270297611,0.740000000000002,11588.2792,0.001576174482061,0.073,0.3515,0.0755
2022-11-30,-0.0020359552381959,0.0102276802062988,-0.0013736405532714,24.300048828125,-0.0120790189657601,0.1080000400543212,-0.0617101354459067,2.3200000000000003,11505.6755,0.0011858029793431,0.0385,0.9065,0.055
2022-12-01,0.0097210737187349,0.0133485794067382,0.0310701183883798,35.0,-0.0481287633502888,0.1040000915527343,-0.0366196285491766,1.2600000000000016,12031.51385,0.000933792303026,0.0339999999999999,0.8433333333333334,0.123
2022-12-02,0.0098376533788161,0.0111019611358642,-0.0028912731689037,22.9000244140625,-0.0065387586565647,0.1340000629425048,-0.0401082560965691,2.0099979999999995,12034.18465,0.0009622102047934,0.0765,0.841,0.0819999999999999
2022-12-05,0.0014961831121075,0.0101708173751831,-0.0159967487215729,43.699951171875,0.0261802242697246,0.0989999771118164,0.0849544009165497,1.5100000000000016,11990.91485,0.0010528320858775,0.03175,0.8825000000000001,0.08575
2022-12-06,-0.0044923291025755,0.0055062770843505,0.0010744618189316,11.5,-0.0241856461959675,0.0750000476837158,0.0661937769515127,2.220001,11785.2894,0.0012536008753812,0.0424999999999999,0.879,0.078375
2022-12-07,-0.0026626879889508,0.0102431774139404,0.0091144723181207,21.0,-0.0303447698129334,0.1510000228881836,0.0227434552313312,0.8300000000000018,11549.20215,0.001030459608617,0.085,0.876,0.038
2022-12-08,0.004217558881531,0.0071481466293334,0.0017905836665891,8.9000244140625,0.0240626033645661,0.0580000877380371,-0.0173452865986074,1.2200019999999974,11498.08535,0.000876105759793,0.045,0.877,0.07825
2022-12-09,0.0044040868037146,0.0068392753601074,0.0052414665587995,13.2000732421875,0.0215366716866399,0.1059999465942382,0.0239372682807602,1.029999,11634.7597,0.0008140305375305,0.02,0.9,0.08
2022-12-12,-0.0035522143897896,0.007214069366455,-0.0098363145420593,16.2000732421875,0.0122598774182805,0.1090002059936523,0.0908003643264967,0.869999,11563.8173,0.0019336567294656,0.0361999999999999,0.8912000000000001,0.0723999999999999
2022-12-13,0.0018535661317022,0.0139634609222412,0.0185850131055225,39.300048828125,-0.030936137927797,0.1679999828338623,-0.1031408032654124,4.380001,11725.4864,0.002246184797874,0.03075,0.9025,0.06675
2022-12-14,0.0080227558991893,0.0049744844436645,-0.0035345617904352,14.9000244140625,0.0005711289346533,0.0809998512268066,-0.0645680884643875,2.399999000000001,11835.3514,0.0012026229883668,0.024,0.8765000000000001,0.099
2022-12-15,0.0046654155309934,0.0118207931518554,-0.0169056104459163,26.199951171875,-0.015245505340105,0.0909998416900634,0.0769085274033034,2.4200000000000017,11730.263600000002,0.0012194642487153,0.0496666666666666,0.844,0.106
2022-12-16,-0.0033574727857118,0.0063858032226562,0.0071765552477973,13.5,0.0092326288000201,0.0950000286102294,-0.0092409456450658,1.7399999999999984,11344.88105,0.0010255609684195,0.099,0.823,0.078
2022-12-19,-0.0052320434161781,0.0081804990768432,-0.0012857697271356,10.7000732421875,0.0280352423852578,0.0490000247955322,-0.0088810972526242,1.25,11241.09155,0.0011537545546841,0.079,0.827,0.095
2022-12-20,0.0027877497947176,0.0074861049652099,0.0156513759026935,34.9000244140625,0.028357006485055,0.0479998588562011,-0.0428311480033499,2.039998999999998,11081.74325,0.0008982643633798,,,
2022-12-21,0.0011683215286929,0.004646897315979,0.0,7.0,0.0,0.0759999752044677,-0.0678961068324171,1.3500000000000014,11073.22945,0.0011969352005304,0.0646666666666666,0.868,0.0673333333333333
2022-12-22,-0.0015928200295245,0.0073431730270385,-0.0160429898509304,33.0999755859375,-0.0040800015950168,0.0449998378753662,0.0904516780716575,4.289998999999998,11226.7872,0.0012065924486309,0.055,0.8965000000000001,0.049
2022-12-23,-0.0006363550446384,0.0043224096298217,0.0049680664595954,8.7000732421875,0.0221033308371517,0.0580000877380371,-0.0513650718751277,1.859998000000001,10953.1734,0.0009424404541263,0.074,0.819,0.107
2022-12-27,-0.0025889456317026,0.0056555271148681,0.0104689930762978,22.9000244140625,0.0286447045223883,0.0750000476837158,0.0,1.2099989999999998,10982.449,0.0010140987789465,,,
2022-12-28,-0.0002871907082003,0.0060386657714843,-0.0038093315032526,4.800048828125,0.0069705171613684,0.0750000476837158,0.0223804276648727,1.3000010000000015,10825.23475,0.0008438114313989,0.068,0.826,0.106
2022-12-29,-0.000744412846259,0.0057862997055053,0.0063957738601456,13.699951171875,-0.0134682286945813,0.0679998397827148,-0.0321274992689803,0.9499980000000008,10685.9655,0.0011305257682775,0.101,0.777,0.122
2022-12-30,0.0029593483845724,0.0058729648590087,0.000109887433919,5.5,0.0114079304153425,0.0739998817443847,0.0106704327038767,0.8099999999999987,10946.17775,0.0014447709203632,,,
2023-01-03,-0.0029942458427605,0.0161066055297851,0.0109308628042519,3.5,-0.0224201170006011,0.0859999656677246,0.0,1.0300000000000011,10944.45355,0.0016011666793173,,,
2023-01-04,-0.0123311122196697,0.0085548162460327,0.0070955464419848,13.5,-0.0223949298471392,0.0639998912811279,-0.0396400150218234,1.3299990000000008,10864.2355,0.0012401935051098,,,
2023-01-05,0.005626625791562,0.0117063522338867,-0.0097625243971206,20.39990234375,0.0029613476420959,0.0859999656677246,0.0202390092483282,0.9500010000000004,10908.5633,0.0016257387847866,0.06875,0.85475,0.07625
2023-01-06,-0.0079653139439037,0.0136992931365966,0.0158964700992711,32.89990234375,-0.0414382298646906,0.1959998607635498,-0.061042120484811,1.8999999999999984,10746.3551,0.00106982660278,0.051,0.803,0.146
2023-01-09,0.0126644676445461,0.0106710195541381,0.0045492332582912,13.0,-0.0146771040082158,0.0830001831054687,0.0389840565780166,0.7100000000000009,11045.5105,0.0009951822901672,0.025,0.913,0.062
2023-01-10,0.0071867500315924,0.004367709159851,-0.0005875467452382,6.5,0.0291419029025858,0.0720000267028808,-0.0653581104740008,1.8799990000000013,11111.1411,0.0007666858109444,0.04075,0.87625,0.083
2023-01-11,0.0005367494741383,0.0047849416732788,0.0016016233411999,4.7000732421875,-0.0186765431803802,0.0429999828338623,0.0244792640847798,0.6299990000000015,11207.59575,0.0018081230838791,,,
2023-01-12,0.0025161245552818,0.0100321769714355,0.0110873656676158,20.2000732421875,-0.0299894021575009,0.1600000858306884,-0.1133476518216222,2.9699990000000014,11401.2818,0.0008100390616998,0.0572499999999999,0.838,0.10475
2023-01-13,0.0087152566602775,0.0087168216705322,0.0120088620431228,22.5999755859375,0.0178165741587956,0.0850000381469726,-0.0258217681684815,1.3999999999999986,11455.783549999998,0.0009227851483292,0.0354,0.8666,0.098
2023-01-17,0.00050888177029,0.0082072019577026,-0.0058553457304772,14.9000244140625,0.0068124498022161,0.0829999446868896,0.0,1.0100000000000016,11540.7122,0.0008967835399562,0.0473333333333333,0.8850000000000001,0.0676666666666666
2023-01-18,-0.0034056935775342,0.0117428302764892,-0.0014691611288529,8.0,-0.046317999304294,0.0920000076293945,0.0493802571190917,1.8700009999999985,11561.62225,0.0011945916680571,0.05425,0.90225,0.04325
2023-01-19,0.0004210473141926,0.0050113201141357,0.0092513144711382,9.7000732421875,0.0064973867516857,0.0550000667572021,0.0088106296821549,1.539998999999998,11408.2244,0.0007165863804045,0.07025,0.8405,0.08925
2023-01-20,0.003331202612123,0.0051964521408081,0.0022346631765941,7.0999755859375,0.025288338607267,0.0679998397827148,-0.0331960131693692,1.2900010000000002,11297.7603,0.0010546444224423,0.0595,0.856,0.0845
2023-01-23,0.0028752259621258,0.0072017908096313,0.0003632807471507,12.0999755859375,0.0116994136353759,0.053999900817871,-0.0020171969022969,0.7800009999999986,11619.87095,0.001194941695867,0.0375,0.89325,0.0692499999999999
2023-01-24,0.0008477594599432,0.0057522058486938,0.0035224324574504,5.0,-0.0160140661903976,0.0980000495910644,-0.0312764791138347,1.5599990000000012,11869.57905,0.0010199370935514,0.10375,0.7935,0.1025
2023-01-25,0.001273139780145,0.0064518451690673,0.0037676113849673,1.39990234375,-0.002019971226956,0.0670001506805419,-0.0062696650969274,1.91,11835.641050000002,0.0012427346619782,0.075,0.8316666666666667,0.0926666666666666
2023-01-26,0.0031079443693967,0.0080910921096801,-0.0062527531393145,10.0,0.0089145486600081,0.0690000057220459,-0.0185141495641432,0.8099999999999987,11822.93155,0.0009584450828558,0.0913333333333333,0.8130000000000001,0.0956666666666666
2023-01-27,-0.0025307945071393,0.0062743425369262,-0.0002592218208407,0.0,0.0071316397659504,0.0340001583099365,-0.0118153898705909,1.0300009999999986,12050.4642,0.000875726238756,0.071,0.851,0.078
2023-01-30,-0.0021112308654475,0.0060423612594604,-0.002959862564306,13.2999267578125,0.0093366729355834,0.051999807357788,0.0744166880987359,0.7099989999999998,12159.12875,0.000873266670571,0.042,0.883,0.075
2023-01-31,-0.0019115507750811,0.0064231157302856,0.0034264261246514,29.800048828125,-0.0062147301388718,0.0650000572204589,-0.0274547486148599,1.5700019999999988,11915.396,0.0019983832450313,0.0536666666666666,0.8650833333333333,0.08125
2023-02-01,0.0009444879359142,0.007149338722229,-0.0008814202993876,33.0,-0.0381218460479595,0.1229999065399169,-0.0821496809382383,2.34,12099.7113,0.0011820265110089,0.0586666666666666,0.8303333333333333,0.1106666666666666
2023-02-02,0.013889426300072,0.013890266418457,-0.0059832127234186,47.7999267578125,-0.0002944695860697,0.0729999542236328,0.0470031313249531,2.1900009999999988,12377.7538,0.0012498818545543,0.0676666666666666,0.866,0.067
2023-02-03,-0.0098300966938756,0.0129634141921997,-0.0282618425537974,55.5,0.0392660596122648,0.1749999523162841,-0.0215874546043836,1.369999,12791.7215,0.0009558022821732,0.0635,0.848,0.0885
2023-02-06,-0.0105332246600652,0.0081958770751953,0.0017698252343863,16.5999755859375,0.0284696861920523,0.0450000762939453,0.058279201537735,0.6000000000000014,12570.3058,0.0016693159398469,0.0665,0.8925000000000001,0.0404999999999999
2023-02-07,-0.005584813467052,0.0076485872268676,0.0029428310618131,7.699951171875,0.0109470062474275,0.0840001106262207,-0.0404360679701509,1.5599999999999987,12464.59275,0.001173820578884,0.0386,0.8878,0.0733999999999999
2023-02-08,-9.654286024440956e-05,0.004335880279541,0.00304077120981,8.300048828125,-0.0057322138786496,0.0619997978210449,0.0506767619267356,1.5700019999999988,12725.193,0.0011520938739279,0.0572,0.8712000000000002,0.0713999999999999
2023-02-09,-0.001297511269828,0.0078827142715454,-0.0059836022716233,24.7999267578125,0.0081788816221611,0.1150000095367431,0.0535576697757059,2.0599999999999987,12503.106650000002,0.0010004317351859,0.0505,0.8566666666666668,0.0928333333333333
2023-02-10,0.0024677288529569,0.008247971534729,-0.0018234933150134,11.0999755859375,0.0164268861222691,0.0739998817443847,-0.0087293473815924,1.5,12378.55255,0.0006766870647785,0.0289999999999999,0.9055,0.065
2023-02-13,-0.0060297135048306,0.0067778825759887,-0.0058686060692318,11.0,-0.0072376540399516,0.0530002117156982,-0.009297889119633,1.3600010000000005,12306.41745,0.0015767901449682,0.015,0.977,0.009
2023-02-14,0.0049238218325619,0.0088472366333007,0.0011333148745895,15.800048828125,0.0117679643135522,0.1770000457763672,-0.0728985079500477,2.27,12497.49555,0.0009443677635232,0.0,0.833,0.167
2023-02-15,0.0004938051764625,0.0078616142272949,-0.0107370746218953,13.800048828125,0.0126818338212147,0.0729999542236328,-0.0366222939797944,1.2999989999999997,12589.1107,0.0009156284214555,,,
2023-02-16,-0.0041033356099453,0.0066496133804321,0.0042435453113469,16.5,0.0088866032054574,0.0759999752044677,0.1011277632755488,2.039999999999999,12678.846,0.0010850408227301,0.0135,0.9255,0.0605
2023-02-17,-0.0024348106615187,0.0067682266235351,-0.0008689852683103,23.7999267578125,-0.0039108031797518,0.0760002136230468,-0.0074645780790459,1.4799989999999994,12439.31655,0.0007023823617985,0.0745555555555555,0.8465555555555555,0.0788888888888888
2023-02-21,-0.0001708324706133,0.005077838897705,-0.0040289837072367,10.0,0.0326380904009568,0.0809998512268066,0.0,1.5400010000000002,12351.09825,0.0010633602840057,0.0574999999999999,0.8354999999999999,0.107
2023-02-22,-0.0028695678084155,0.0046435594558715,-0.0005457026056294,11.0999755859375,-0.0081238899056788,0.0609998703002929,-0.0256878594991493,1.609999000000002,12062.62195,0.0010258636252154,0.0353333333333333,0.8843333333333333,0.08
2023-02-23,-0.0043471634119224,0.0048370361328125,-0.0076712704966514,9.5,-0.0112793168418122,0.1150000095367431,-0.052971259122543,1.5400010000000002,12073.101,0.0009206624318563,0.0477777777777777,0.8794444444444444,0.073
2023-02-24,-0.000731542253157,0.0076504945755004,-0.0050733267789026,0.0,0.0178849771771789,0.0699999332427978,0.0247618824098669,1.5799999999999983,12170.86,0.0008007560213531,0.0448,0.8674,0.088
2023-02-27,-0.004093047633147,0.0085120201110839,0.0045231204376497,8.5999755859375,-0.0068606420921804,0.0699999332427978,-0.0337901214474251,1.34,11976.3516,0.0007881772806536,0.0284999999999999,0.8705,0.1015
2023-02-28,0.0053337448826316,0.0062655210494995,0.0065279171634006,21.9000244140625,-0.0015310138481571,0.0789999961853027,-0.0120049455203415,1.270000999999997,12056.31975,0.0009814233418783,0.05,0.837,0.113
2023-03-01,-0.0031994691023327,0.0125384330749511,0.0048000565715693,14.5999755859375,0.0197225280689841,0.0720000267028808,-0.0058140181745975,1.100000999999999,12040.20905,0.000966669329854,0.016,0.873,0.112
2023-03-02,0.0086259321986237,0.0089234113693237,-0.0022880546197603,6.300048828125,0.0195865929398483,0.0469999313354492,-0.0493004984494541,1.870001000000002,11934.68535,0.0007125629042252,0.06175,0.8525,0.0854999999999999
2023-03-03,-0.0065082354738838,0.0037938356399536,0.0077148874232907,18.0999755859375,-0.0271262043277271,0.064000129699707,-0.057789186557416,1.6000000000000014,12047.73455,0.0006832328474652,0.0496666666666666,0.8736666666666667,0.0765
2023-03-06,0.0024940475492522,0.0070773363113403,0.0001082764604962,9.60009765625,0.0047817011562589,0.0920000076293945,0.0064690789896758,0.7000010000000003,12294.2858,0.0013365333451647,0.0625,0.8365,0.101
2023-03-07,0.0058295714894549,0.0124725103378295,-0.0185706355718125,27.0,-0.0020105901413385,0.0859999656677246,0.05132010756774,1.2299999999999969,12303.4946,0.0008870199944245,0.0446666666666666,0.8816666666666667,0.074
2023-03-08,-0.012955493181694,0.0046635866165161,-0.0006618172911648,1.4000244140625,0.0002515824293109,0.0939998626708984,-0.0248074213756453,1.0100000000000016,12152.9506,0.0010536784400942,0.034,0.847,0.119
2023-03-09,-0.0001160439325325,0.004797339439392,0.0091159871573076,13.7000732421875,-0.0129099674581448,0.1230001449584961,0.168180519937291,4.259999999999998,12217.59295,0.0015646786892495,0.0525,0.905,0.0424999999999999
2023-03-10,0.0033286223856131,0.0122876167297363,0.0177177721475145,16.5,-0.060385802752391,0.1579999923706054,0.0924512823302599,7.179998000000001,11993.92225,0.0023001574758978,0.0588333333333333,0.8708333333333335,0.0703333333333333
2023-03-13,0.0093047202257173,0.0084867477416992,0.02634169415623,38.0,-0.0499409812259198,0.1280000209808349,0.0670555524693067,6.959999,11827.140049999998,0.0013054787814049,0.0594444444444444,0.8504444444444444,0.0904444444444444
2023-03-14,0.003864276322635,0.0067487955093383,-0.0028811671051432,11.0999755859375,0.034394528134297,0.1289999485015869,-0.1111590948699895,4.969999999999999,11930.864,0.0013373259188357,0.0603333333333333,0.8516666666666666,0.0878333333333333
2023-03-15,0.0002467242094864,0.0239757299423217,0.0106450727633268,28.0999755859375,-0.0409594157692028,0.1419999599456787,0.0967265994928558,6.719999000000001,12196.164,0.0011998555597637,0.0806,0.8402000000000001,0.0794
2023-03-16,-0.0135427688881889,0.0079472064971923,-0.003952561643726,21.7999267578125,0.0262838172198639,0.2179999351501464,-0.1284073311654379,4.520000999999997,12249.16745,0.0013433612047904,0.056,0.86275,0.081
2023-03-17,0.0029041044625181,0.0057519674301147,0.0261278225162686,39.0999755859375,-0.0544547292997526,0.1140000820159912,0.1040111933786299,3.559999000000001,12581.3737,0.0009400695735553,0.0758,0.8240000000000001,0.1002
2023-03-20,0.0060791189089042,0.0098118782043457,0.0047606584436176,35.0,0.0250158380946785,0.1119999885559082,-0.0547861520551384,4.91,12516.8292,0.0008723995592265,0.044,0.886,0.07
2023-03-21,0.0037660324937775,0.0082334280014038,-0.0210361845168744,35.800048828125,0.0352795164836481,0.0759999752044677,-0.1218285212743682,2.869999,12568.4376,0.0017610633349991,0.0675,0.808,0.1245
2023-03-22,0.0051261462943097,0.0041954517364501,0.0045305105898103,27.199951171875,-0.0298361414755073,0.184000015258789,0.0403354870231855,2.4399980000000028,12740.99165,0.0012162377654354,0.072,0.8386666666666667,0.089
2023-03-23,0.0088849789518238,0.0060378313064575,0.0238553660380627,4.0999755859375,-0.0272244159346949,0.127000093460083,0.0156009846706963,4.75,12576.01095,0.001357938178873,0.062,0.88,0.058
2023-03-24,-0.0032558511363343,0.0120085477828979,-0.0058855136919059,13.300048828125,-0.0076628092074863,0.1019999980926513,-0.0392384488250318,3.6099989999999984,12726.841,0.0007747597722003,0.0768,0.8338000000000001,0.0892
2023-03-27,-0.0052627456329634,0.0047934055328369,-0.0150974788690447,4.7999267578125,0.0428554277698913,0.0690000057220459,-0.0538628058975277,2.3599999999999994,12768.285200000002,0.0007391919137825,0.08425,0.8420000000000001,0.074
2023-03-28,0.0026765316917468,0.0044963359832763,0.0101916902101823,0.0,0.0101523079807505,0.0529999732971191,-0.0310599784429254,1.4899999999999984,12670.4249,0.0006889903132398,0.068,0.8482,0.084
2023-03-29,0.0029980508706156,0.00506591796875,-0.0031992150318794,0.0,0.0005610360581552,0.0629999637603759,-0.0434961374281009,0.3600010000000004,12619.3667,0.0006098813742084,0.0543333333333333,0.8426666666666666,0.103
2023-03-29,0.0029980508706156,0.00506591796875,-0.0031992150318794,0.0,0.0005610360581552,0.0629999637603759,-0.0434961374281009,0.3600010000000004,12619.3667,0.0006098813742084,0.054,0.8354999999999999,0.1105
2023-03-30,0.000379457009386,0.0096983909606933,0.0071965003238306,29.5,-0.0042152278989733,0.0470001697540283,-0.0052439028072647,1.2299999999999969,12850.82715,0.0006131755603796,0.03525,0.8805000000000001,0.08425
2023-03-31,0.0056110220435334,0.0065263509750366,-0.0057225733806422,18.800048828125,-0.016182087560782,0.0679998397827148,-0.0169674797807688,0.91,12965.13355,0.0006568295611689,0.0572857142857142,0.8382857142857142,0.1042857142857143
2023-04-03,-0.0093342910217294,0.0126371383666992,0.007538817015696,41.699951171875,-0.0184869190616387,0.1239998340606689,-0.0080538421913884,1.289998999999998,13178.2072,0.000878839028863,0.0569999999999999,0.871,0.072
2023-04-04,0.0100324907189152,0.0087769031524658,0.0191213868564354,48.0999755859375,-0.0274881128796009,0.1499998569488525,0.0239692440213535,1.4500010000000003,13148.659049999998,0.0006801391601395,0.0606,0.8493999999999999,0.0898
2023-04-05,0.0043744645083254,0.0063879489898681,-0.0006430347062673,20.2000732421875,-0.0150968910672871,0.057999849319458,0.0042016868536999,1.0799999999999983,13097.44965,0.0006644525353139,0.051,0.85,0.1
2023-04-06,-0.0051925950961625,0.0044617652893066,-0.0044634074749701,18.300048828125,0.0003042329854881,0.0520000457763671,-0.0362900014052004,1.529999,12961.77705,0.0006486249058172,0.0476666666666666,0.8603333333333333,0.0923333333333333
2023-04-10,-0.0006003677951654,0.0085747241973876,-0.0113972984929286,22.5999755859375,0.0378979721731473,0.0850000381469726,0.0,1.119999,13055.3845,0.0005544243622765,0.042,0.872,0.086
2023-04-11,-0.0040625410738597,0.0058662891387939,0.0078620666603218,15.0999755859375,0.0055482850663917,0.0650000572204589,0.0068296038204755,0.7200019999999974,13050.68625,0.0010189934469269,,,
2023-04-12,0.0044227176494578,0.0083315372467041,0.0030380656754726,20.5,-0.0037928598081782,0.1180000305175781,-0.0005236973149279,1.7300000000000004,12968.1203,0.0005622154921267,0.026,0.8945,0.08
2023-04-13,0.0075176390831181,0.0087350606918334,0.015004488526765,33.0001220703125,0.0090208379313783,0.0880000591278076,-0.0699662366193936,1.2899990000000017,12853.7496,0.0009692034879626,0.05,0.8123333333333335,0.1376666666666667
2023-04-14,0.0049622126036135,0.0097391605377197,-0.0193403321015038,52.800048828125,0.0200752861526413,0.0929999351501464,-0.0418758643119133,1.0500009999999982,13106.5766,0.0006579992477541,0.275,0.69,0.036
2023-04-17,-0.0061715209978287,0.008832573890686,-0.0040036086885234,24.4000244140625,0.0194017063575469,0.0639998912811279,-0.0070546439828415,0.8900010000000016,13079.413949999998,0.0007749075433601,0.0495,0.8434999999999999,0.1075
2023-04-18,-0.0055874935872796,0.0060704946517944,0.0065974216321085,10.5,-0.0053050670622535,0.0529999732971191,-0.0071048846207932,0.7600000000000016,13091.49665,0.0004917655542512,0.0786666666666666,0.8336666666666667,0.0876666666666666
2023-04-19,0.0045662724114358,0.0068254470825195,-0.0060960930887571,36.5999755859375,0.0083635757343763,0.0390000343322753,-0.022229873707134,1.5499989999999997,13088.4372,0.0007257061488979,0.059,0.843,0.099
2023-04-20,-0.0021159967501985,0.0054670572280883,0.0061956951669839,9.5999755859375,-0.0159510647185846,0.0529999732971191,0.0422305404138037,1.3600010000000005,13084.12925,0.0007560921677073,0.0563999999999999,0.8486,0.0948
2023-04-21,0.0017100195037912,0.0052791833877563,-0.014095679073773,22.0999755859375,0.0070273955863962,0.0779998302459716,-0.0235720990742668,1.1299990000000015,12985.0844,0.0005377189157515,0.0833333333333333,0.827,0.0896666666666666
2023-04-24,0.0019436539865794,0.0065476894378662,0.0048379752909055,12.4000244140625,-0.0155260219847079,0.0399999618530273,0.0071300957779583,1.5,13000.9932,0.0006906679928809,0.07,0.854,0.076
2023-04-25,0.0060973138566677,0.0098826885223388,0.0024604086846927,16.7999267578125,-0.034441313617234,0.0680000782012939,0.105005271965003,2.530001000000002,12966.7915,0.0005787627728585,0.072,0.825,0.103
2023-04-27,0.0062552172064815,0.0071412324905395,0.0021129262655032,22.4000244140625,0.0275880122832872,0.0850000381469726,-0.1010057157537158,1.7100009999999983,12813.8163,0.0008851445452101,0.0906,0.8328,0.0764
2023-04-28,-0.0013799111710282,0.0078110694885253,0.000100477975901,12.4000244140625,-0.0217774260811495,0.059000015258789,-0.076233237976773,1.929999999999998,13158.5182,0.0005621146720526,0.042,0.8594999999999999,0.0985
2023-05-01,-0.0019178010282847,0.0068621635437011,-0.0033723203832884,28.0999755859375,0.0347316386075581,0.1140000820159912,0.0188329483330919,1.090000999999999,13245.1147,0.0008477688297554,0.04,0.784,0.176
2023-05-02,-0.0037915711025153,0.0061663389205932,0.0154592086638971,23.300048828125,-0.0385046838128712,0.1349999904632568,0.1004980225779062,3.549999,13231.62335,0.0008699695131473,0.0808888888888888,0.8348888888888888,0.0841111111111111
2023-05-03,0.0037915711025152,0.0052211284637451,0.0070741231818441,19.9000244140625,-0.0105232701279365,0.056999921798706,0.0310101804995922,1.6399989999999995,13114.7669,0.0010010122657305,0.0535,0.879,0.067
2023-05-04,0.0052549776984913,0.0104554891586303,0.0095178192524349,32.0,-0.0153985998935537,0.1150000095367431,0.0911377119985243,2.6599999999999966,13028.8842,0.0006616498259603,0.0255,0.877,0.0975
2023-05-05,-0.004164264686123,0.0076353549957275,-0.0150541414369173,42.0999755859375,0.0279553370724256,0.0679998397827148,-0.1558943012587302,2.9399980000000028,12987.90765,0.0006154113074465,,,
2023-05-08,-0.000385725396211,0.0040900707244873,0.0044019282459867,3.800048828125,0.0215308472834517,0.0329999923706054,-0.0122916966849114,1.0499990000000032,13257.88485,0.0005045669200244,0.029,0.858,0.113
2023-05-09,-0.0020473959935792,0.005706787109375,0.0048738077246031,11.4000244140625,0.0,0.0440001487731933,0.0420932144462653,0.6400019999999991,13288.2637,0.0009471165127558,0.0745,0.8594999999999999,0.066
2023-05-10,-0.0028659131863006,0.0061897039413452,-0.0028032335667185,14.800048828125,-0.0235643143343871,0.0899999141693115,-0.0444516470736829,1.9499980000000008,13208.2882,0.0008155534810598,0.097,0.8425,0.061
2023-05-11,0.0017668981432014,0.0097359418869018,-0.0078117914404175,24.300048828125,-0.0122879887604364,0.059999942779541,-0.0005905521107398,1.5600019999999972,13346.742049999995,0.0007068284141075,0.0655,0.8627499999999999,0.07175
2023-05-12,-0.0065688854429571,0.0079535245895385,-9.925105453308256e-05,0.0,0.0192425714182633,0.0789999961853027,0.0058893572494571,1.5400010000000002,13391.4149,0.0005543389408698,0.0395,0.891,0.0695
2023-05-15,-0.0054628127053399,0.0043483972549438,0.0017358962821522,4.199951171875,0.012910762654939,0.0449998378753662,0.005270875730308,1.0800000000000018,13340.77595,0.0007267535197686,0.077,0.852,0.071
2023-05-16,0.0019335633003226,0.0046877861022949,-0.0147766144147917,0.0,0.0116198355016029,0.0869998931884765,0.0495686188376323,1.039998999999998,13413.4469,0.000665312654074,0.044,0.8362499999999999,0.1195
2023-05-17,-0.0007390751916854,0.0063846111297607,-0.0038800145874982,2.9000244140625,0.0089762353989288,0.0739998817443847,-0.0642790921277438,1.5800000000000018,13428.07095,0.00079876861378,,,
2023-05-18,-0.0025176532621469,0.0084096193313598,-0.012293130260797,0.300048828125,0.0185369566850194,0.0529999732971191,-0.0498281685639708,1.100000999999999,13591.1205,0.0007464128154625,0.0165,0.878,0.1055
2023-05-19,-0.0058249822387101,0.0062897205352783,0.0112828760710556,18.699951171875,0.0119892201413072,0.0809998512268066,0.0462651006613959,1.5100010000000008,13835.36245,0.0007751778011415,,,
2023-05-22,0.0043845264768177,0.003414511680603,-0.0019728866112101,5.699951171875,0.0072865492485903,0.0629999637603759,0.0235166641855711,1.3099990000000012,13804.8992,0.0007498482111663,0.066,0.8300000000000001,0.10425
2023-05-23,-0.001081677552998,0.0057541131973266,-0.0012160643824961,0.0,-0.0056627215385795,0.0729999542236328,0.0739005421461137,2.0100000000000016,13847.4044,0.0008747515165108,0.0479999999999999,0.8743333333333334,0.0776666666666666
2023-05-24,-0.0038305873787592,0.0049686431884765,-0.0048790376352979,12.5999755859375,0.0056627215385795,0.0690000057220459,0.0778401053390302,2.0100000000000016,13669.43475,0.0008740673302641,0.121,0.826,0.053
2023-05-25,-0.0011517220146606,0.0044227838516235,-0.0100874268000285,0.0,0.0252236365481863,0.0839998722076416,-0.0454508658246351,1.25,13617.0102,0.0007823840488206,0.098,0.8176666666666667,0.0843333333333333
2023-05-26,-0.0030611228585486,0.0055491924285888,0.000514509176076,4.300048828125,-0.0010493045529003,0.0820000171661377,-0.0641901631336101,2.2899990000000017,13941.2399,0.0011104639471243,0.073,0.876,0.05
2023-05-30,-0.0014359146269737,0.0072370767593383,0.0071244116218897,31.5999755859375,-0.0292963415824468,0.0690000057220459,0.0,1.3599999999999994,14307.447749999998,0.000754736516825,0.085,0.824,0.091
2023-05-31,0.0023693153366323,0.0087162256240844,0.0030087604621398,20.0,-0.0171736434579373,0.059999942779541,0.0271204192343227,1.279999,14353.218400000002,0.0007659860896229,0.0424999999999999,0.88975,0.0675
2023-06-01,-0.003535739673558,0.0089831352233886,0.0071539286300617,28.699951171875,-0.0080055757778245,0.0880000591278076,-0.1365619953858463,2.01,14253.66525,0.000912044973827,0.043,0.8713333333333333,0.086
2023-06-02,0.0061149472576088,0.0061234235763549,-0.0130268356650233,35.0999755859375,0.0227438066119012,0.0880000591278076,-0.0694493882718715,1.2300000000000004,14448.861250000002,0.0007997581287373,0.04,0.874,0.086
2023-06-05,-0.0057939919849855,0.0047959089279174,0.0028641465728216,24.0999755859375,0.0005417371321639,0.0999999046325683,0.0088647017602482,0.629999999999999,14547.9367,0.0007047059742257,0.071,0.864,0.065
2023-06-06,0.0012310444535192,0.0065720081329345,0.0038231217714593,6.699951171875,0.0016233238347261,0.0520000457763671,-0.0536901331403125,1.0200000000000014,14553.26825,0.0008808856666667,,,
2023-06-07,-0.0012845298458357,0.0071386098861694,-0.0116679329513364,27.7000732421875,0.0227191491385726,0.1060001850128173,-0.0014336920018486,0.5199999999999996,14562.154149999998,0.0007360086389033,0.0746666666666666,0.8293333333333334,0.096
2023-06-08,0.0008775787233301,0.0080665349960327,0.010700777840001,25.9000244140625,-0.0186721706836526,0.1070001125335693,-0.021022883701409,0.6800000000000015,14304.0972,0.0007065445417272,0.045,0.8544999999999999,0.1004999999999999
2023-06-09,0.0070057557055419,0.003976821899414,-0.0007132429056668,9.5,0.0083121270752407,0.062000036239624,0.013100624045698,0.6400000000000006,14489.2236,0.0004777357381061,0.054,0.8625,0.084
2023-06-12,-0.0029501089086636,0.0055361986160278,-0.0035226085404931,12.0999755859375,0.0053263027039914,0.0829999446868896,0.0818764999687037,0.6999999999999993,14532.16275,0.0009001061712742,0.0414999999999999,0.879,0.08
2023-06-13,0.0011187330305841,0.0061954259872436,-0.0054873714836624,27.199951171875,0.0194640234259661,0.1590001583099365,-0.0270104198827624,0.5899999999999999,14790.781699999998,0.0011508413271111,0.048,0.87075,0.0809999999999999
2023-06-14,0.002446209229593,0.0082607269287109,0.0054873714836623,17.89990234375,-0.0112640307882104,0.0800001621246337,-0.0512572706839496,0.9000000000000004,14899.89055,0.0008499189610945,0.038,0.905,0.0572499999999999
2023-06-15,0.004964585042939,0.013425588607788,0.0012777594632126,32.800048828125,-0.0180760048827485,0.1340000629425048,0.0436996943478702,0.7300000000000004,15002.5097,0.0008179607290335,0.099,0.848,0.054
2023-06-16,0.0094453390353827,0.0050868988037109,0.0003064070167053,9.4000244140625,0.010937851584883,0.0810000896453857,-0.0685003819423998,1.0599999999999987,15187.3505,0.0007320004115809,0.0465,0.904,0.0494999999999999
2023-06-20,-0.0016290790607261,0.0050678253173828,-0.0117621347666349,27.2999267578125,-0.0106696027065067,0.0759999752044677,0.0,0.8100000000000005,15084.088700000002,0.0007855627399156,0.0183333333333333,0.9386666666666666,0.043
2023-06-21,-0.000360389075664,0.0054636001586914,-0.0011372784228845,16.800048828125,-0.0016103175374656,0.0780000686645507,-0.0502321254863333,0.7900000000000009,15067.268349999998,0.0008090242733176,0.033,0.845,0.123
2023-06-22,0.0065958385047386,0.0060051679611206,-0.0107125817267063,8.9000244140625,0.0202080725215771,0.0989999771118164,-0.0222146247337739,1.25,14865.911949999998,0.0005855932487288,0.036,0.915,0.05
2023-06-23,-0.0030732684689764,0.0113857984542846,0.0033404825344688,13.800048828125,-0.0159196628020952,0.0680000782012939,0.0402331302364523,0.92,15036.039049999998,0.0007912124891874,0.0525,0.8785000000000001,0.0694999999999999
2023-06-26,-0.0047776325035921,0.0033653974533081,0.0023940761271535,6.0,-0.0053633758054205,0.0580000877380371,0.0585215716196561,0.9300000000000016,14891.75745,0.0005955129093355,0.073,0.8475,0.0795
2023-06-27,0.0003491507013046,0.0072880983352661,-0.0050550965168347,15.4000244140625,0.0130894847236889,0.0840001106262207,-0.0364456199204562,0.75,14693.03285,0.000943223362435,0.069,0.8454999999999999,0.0855
2023-06-28,0.0042750923854213,0.0062851905822753,-0.0008885614102553,0.0,-0.0155124399469726,0.062000036239624,-0.0228202762590571,0.6000000000000014,14943.6935,0.0007683057843717,0.0265,0.89,0.0834999999999999
2023-06-29,-0.0037840835446616,0.0078316926956176,-0.0016224510460784,17.4000244140625,0.0380797068458779,0.121000051498413,0.0081572569489826,0.4399999999999995,14965.487400000002,0.0005231312574737,0.0669999999999999,0.8448333333333333,0.088
2023-06-30,-0.004389391468143,0.0097274780273437,0.0062136453694543,20.5,-0.0091229840057354,0.0650000572204589,0.0036859606789235,0.629999999999999,14948.174499999996,0.0004289606197625,0.0445,0.911,0.0445
2023-07-03,0.0036256293054998,0.0059540271759033,0.0003122596035431,11.5999755859375,0.0101603151239947,0.0879998207092285,-0.0014727543162745,0.379999999999999,15180.45215,0.0005438686040069,0.0455,0.848,0.1065
2023-07-05,-0.0025830280332718,0.0041117668151855,-0.0010933672637802,19.2000732421875,0.0223000125101758,0.0840001106262207,0.0,0.6899999999999995,15207.0688,0.000653071894624,0.032,0.915,0.054
2023-07-06,-0.0026090426102315,0.0067206621170043,-0.0056944618118119,7.0,0.0240432213445248,0.0900001525878906,0.0851290234926487,2.289999999999999,15194.34405,0.0007317868663431,0.02625,0.899,0.07475
2023-07-07,0.0031316333957207,0.0096051692962646,0.0091267683233349,20.699951171875,0.00222476949309,0.0879998207092285,-0.0403093884467893,1.7299990000000012,15088.9582,0.000648667090696,0.036,0.794,0.17
2023-07-10,0.0072356872762832,0.0048243999481201,-0.0006231570554215,13.7999267578125,-0.0109236804951428,0.1059999465942382,0.0160538564885634,1.169999000000001,15036.90485,0.0008400931619508,0.0526666666666666,0.8450000000000001,0.102
2023-07-11,0.0032964262291078,0.0046966075897216,0.0032674088391857,12.800048828125,-0.0065114236296523,0.0399999618530273,-0.0153797748991697,0.6199999999999992,15047.0478,0.000567028456633,0.037,0.8454999999999999,0.1175
2023-07-12,0.000737559855958,0.0113093852996826,0.0128104143346199,25.800048828125,-0.0303555909984591,0.1039998531341552,-0.0916779702551054,1.3100000000000005,15127.6332,0.0004800574653847,0.0366666666666666,0.828,0.1353333333333333
2023-07-13,0.0117770959638887,0.0065549612045288,0.0015324108197861,8.0999755859375,-0.0262413754089852,0.0850000381469726,0.0051565491792457,0.4900000000000002,15314.63295,0.0007219499213274,0.0354,0.8686,0.0958
2023-07-14,0.0070569714565135,0.0038684606552124,0.000459278160234,7.9000244140625,0.0153037520604539,0.057999849319458,-0.020037776175897,0.5399999999999991,15574.7269,0.0005546272527714,0.083,0.83,0.087
2023-07-17,0.0003817674903973,0.0045639276504516,-0.0039360823580764,9.9000244140625,-0.0057773465759194,0.056999921798706,0.0104400649966834,0.5700000000000003,15568.4161,0.0005377641160863,0.056,0.86725,0.077
2023-07-18,0.0008760804247072,0.0055667161941528,0.0126222802195776,15.0,-0.0021091220682673,0.0550000667572021,-0.0134430702564528,0.3800000000000008,15709.9567,0.000633301613723,,,
2023-07-19,-0.0007750081239522,0.0063437223434448,0.0001517429045972,4.5,-0.0124818857210654,0.0600001811981201,0.0340017972774893,0.7200000000000006,15842.3002,0.0007226932292085,0.05,0.879,0.07125
2023-07-20,-0.0021089211406578,0.0096516609191894,-0.0046631698156101,8.0999755859375,0.0294913383709877,0.0830001831054687,0.0165769561721921,0.6500000000000004,15822.57975,0.0008723739058632,0.045,0.8444,0.1107999999999999
2023-07-21,-0.0060993331427968,0.0037399530410766,-0.0020342782281946,2.5,-0.0044208103198584,0.0279998779296875,-0.0282729959353835,0.5200000000000014,15472.203050000002,0.000807540686851,,,
2023-07-24,-0.0010575594390251,0.0076236724853515,-0.0020384249531295,5.199951171875,0.0051989249749744,0.0669999122619628,0.0225382131933453,0.5700000000000003,15429.0298,0.0005947305648381,0.053,0.841,0.106
2023-07-25,-0.0056025324565005,0.006685733795166,0.0009177681383586,9.5,0.0141590286555597,0.0369999408721923,-0.0036010121735944,0.2699999999999996,15451.1214,0.0010760762742611,0.0526666666666666,0.8563333333333333,0.091
2023-07-26,-0.0011498495492449,0.0048093795776367,0.0034597077644024,5.800048828125,-0.0157158638997252,0.0550000667572021,-0.0495480270325339,1.0099999999999998,15556.73295,0.0010523813905444,0.0633333333333333,0.834,0.103
2023-07-27,0.0025226533826953,0.0167094469070434,-0.0120073995626593,0.0,0.0409570178593944,0.1689999103546142,0.0884634432822076,2.28,15511.61205,0.0007771792394874,0.0455,0.827,0.12775
2023-07-28,-0.0090322881585565,0.0099767446517944,0.0076809225040289,18.0,-0.0107756917470816,0.053999900817871,-0.0779052758208134,0.91,15473.88405,0.0006274757852719,0.0277499999999999,0.8845000000000001,0.08775
2023-07-31,0.0041365422634872,0.0039265155792236,0.0051387711460531,21.5999755859375,-0.0025227032037241,0.053999900817871,0.0222561115178239,0.5199999999999996,15751.170800000002,0.0006024365828365,0.016,0.904,0.08
2023-08-01,-0.0024224200404568,0.0047848224639892,-0.0152386100770674,24.7000732421875,0.0229722973452988,0.0560002326965332,0.0217715420832729,0.5500000000000007,15753.8116,0.0007919680531515,0.0415,0.9155,0.044
2023-08-02,0.0009352352486126,0.0087261199951171,-0.0017018269642495,20.4000244140625,0.0066428955778013,0.0910000801086425,0.1441531732125774,1.5300000000000011,15708.67645,0.0007829477752809,0.0346666666666666,0.887,0.0783333333333333
2023-08-03,-0.0058062472034985,0.0040407180786132,-0.0027911448212779,8.5,0.0268553839368069,0.0700001716613769,-0.0106217805880548,1.700000000000001,15366.530900000002,0.0009288075233047,0.0616666666666666,0.859,0.0793333333333333
2023-08-04,0.0006788086635511,0.01046884059906,0.0039260178715701,25.0,-0.0312791134069387,0.1479997634887695,0.0715022830923772,2.8199989999999997,15359.472449999996,0.0007366702039577,0.055,0.8706666666666667,0.0753333333333333
2023-08-07,0.0046542962860175,0.0045888423919677,-0.0031499215966817,11.199951171875,0.0044237294701318,0.0489997863769531,-0.0809690625336672,1.5900010000000009,15278.1357,0.0007507368826689,0.08725,0.82575,0.087
2023-08-08,4.398740400819888e-05,0.0078828334808349,-0.0048735188089433,10.199951171875,-0.0128333560873713,0.0499999523162841,0.0138541258709158,2.1799989999999987,15401.96855,0.0008007969057349,0.1065,0.8205,0.073
2023-08-09,-0.0040300518423631,0.0038424730300903,-0.0045318224046941,15.10009765625,-0.0034834418849229,0.0479998588562011,-0.0018779348242,1.4900009999999977,15273.327800000005,0.0011252495629178,0.04175,0.8747499999999999,0.08325
2023-08-10,0.0017110349162028,0.0090360641479492,-0.0005222204866973,16.4000244140625,0.0168070786988042,0.1369998455047607,-0.0069160916983731,2.260001000000001,15108.99465,0.0007771630512873,0.039,0.851,0.111
2023-08-11,0.00036230757421,0.0052546262741088,-0.0007838424255554,4.7999267578125,0.0213393878180898,0.0780000686645507,-0.0658432625840552,1.6700000000000017,15123.0285,0.0006271613058343,0.0795,0.823,0.097
2023-08-14,-0.0033984892951348,0.0082858800888061,-0.0012031118637709,9.2999267578125,0.0038313728748963,0.069000244140625,-0.0013486178712935,1.2899990000000017,15026.497100000002,0.0007605464764887,0.022,0.887,0.091
2023-08-15,-0.0031579671245037,0.0048818588256835,-0.0042485053218494,12.699951171875,0.0088043824816703,0.1080002784729003,0.1049555146276396,1.66,15203.8617,0.0008581238705774,0.0603333333333333,0.9043333333333332,0.0353333333333333
2023-08-16,-0.0005235270892915,0.0036940574645996,-0.0033696785716191,14.199951171875,0.0087274293910421,0.0710000991821289,0.0192546261382333,1.129999999999999,15035.506149999996,0.0006688983290488,0.055,0.8480000000000001,0.0975
2023-08-17,-0.0026897159765402,0.0054906606674194,-0.0063488918382111,18.4000244140625,0.0116742373781734,0.0560002326965332,0.0640540809896631,1.729999000000003,14878.4104,0.0007512104866355,0.0595,0.85,0.0905
2023-08-18,-2.170477883410121e-05,0.0049161911010742,0.0010609517869105,5.7000732421875,-0.0133195473337217,0.0570001602172851,-0.0335353979232136,1.740000000000002,14709.5296,0.0007427162277987,0.028,0.898,0.074
2023-08-21,8.703551240746353e-05,0.0042947530746459,0.0038101719353384,0.2999267578125,0.0211808408864914,0.0659999847412109,-0.0098751897413526,1.230001999999999,14699.69525,0.0008778922957627,0.031,0.85,0.119
2023-08-22,0.0020903019933335,0.0097994804382324,0.0016360008536025,4.0,-0.0032295158038431,0.0520000457763671,-0.0093842336402966,0.9699989999999978,14941.294,0.0006272698456002,0.04175,0.8720000000000001,0.08625
2023-08-23,-0.0047513762519917,0.0067524909973144,0.0115862657851445,8.9000244140625,-0.0304973469152586,0.1019997596740722,-0.0601090799804855,1.1900000000000013,14912.25835,0.0008349508262687,0.04,0.8688333333333335,0.091
2023-08-24,0.0017587818836837,0.0061407089233398,-0.0001564098483359,2.60009765625,0.0087751491363272,0.0489997863769531,0.073571501620812,1.84,15151.335,0.001456566478671,0.0432857142857142,0.8592857142857142,0.0974285714285714
2023-08-25,-0.0061528145194245,0.0073058605194091,-0.00370824111861,8.7000732421875,0.0009439958439537,0.0809998512268066,-0.0925234270366788,1.9100010000000007,14819.7656,0.000705999076383,0.057,0.887,0.056
2023-08-28,-0.0001620624235323,0.0021970272064208,0.0035518704503101,6.0,-0.0063897865615271,0.0400004386901855,-0.0390166523424517,1.2800009999999986,14947.9428,0.0006882960939341,0.04,0.8973333333333332,0.0626666666666666
2023-08-29,0.0026055993913908,0.0073170661926269,0.0096513697844355,19.5999755859375,-0.0215990336940572,0.1370000839233398,-0.0426749480213689,0.9600000000000009,15053.7746,0.0007536248633605,0.04,0.86,0.0995
2023-08-30,0.004024426701278,0.0089355707168579,0.0040198202604455,11.800048828125,-0.0009709192024359,0.068000316619873,-0.0402454594797826,0.8699999999999992,15377.706150000002,0.000663167213331,0.084,0.823,0.094
2023-08-31,0.0058101804687864,0.0102550983428955,-0.0031423581073141,6.2000732421875,-0.0060894343501968,0.0409998893737793,-0.0225874812318806,0.5600000000000005,15464.0595,0.0008650212489775,0.0349999999999999,0.8925000000000001,0.0725
2023-09-01,-0.0081227411601446,0.0094944238662719,0.0008252180232353,13.4000244140625,0.0193569861201368,0.1399998664855957,-0.0360128939249692,0.5400000000000009,15505.66845,0.0005664833816806,0.054,0.903,0.043
2023-09-05,0.0017254962677647,0.0091581344604492,-0.0070357753538675,9.7000732421875,0.0225101951482741,0.0580000877380371,0.0,0.7700000000000014,15488.1887,0.0007005860672389,0.047,0.8965,0.0564999999999999
2023-09-06,-0.0063485045726457,0.0043033361434936,-0.004214024777917,9.0,0.0051413611132688,0.0660004615783691,0.0309230542095254,1.17,15505.176900000002,0.0008593275145509,,,
2023-09-07,-0.000182395439486,0.0046577453613281,-0.0003128457579778,4.0,-0.0070175100384492,0.0500001907348632,-0.0034662079764861,1.2899999999999991,15360.98455,0.0006101087721507,0.0543333333333333,0.856,0.0896666666666666
2023-09-08,-0.0024634271506727,0.0046988725662231,0.0004692637581011,6.2999267578125,-0.0004696717271356,0.0510001182556152,-0.0396652563924315,1.2899999999999991,15261.9377,0.000679230183356,0.0654,0.8624,0.0723999999999999
2023-09-11,0.0018952427901443,0.0045397281646728,0.0025509680494884,6.5,0.007020906395632,0.0280003547668457,-0.0028943580263644,0.5899999999999999,15287.1064,0.0006273766669818,0.045,0.8463333333333334,0.1086666666666666
2023-09-12,0.0030055982194113,0.0056462287902832,-0.0062588217113738,9.5,-0.005612776128422,0.0339999198913574,0.030683819938602,0.7099999999999991,15459.0241,0.0006846050781038,0.0502,0.8524,0.0974
2023-09-13,0.0002688684253404,0.0047997236251831,-0.0011517503252711,5.699951171875,-0.0035239943588535,0.1089997291564941,-0.0541453066176,1.2699999999999996,15291.24505,0.0005633807745884,0.032,0.8645,0.1035
2023-09-14,-0.0017727594378955,0.0099927186965942,0.0004713280283196,7.0,0.0091367704872756,0.0749998092651367,-0.0502006539916369,0.6700000000000017,15351.08475,0.0005833057667374,0.0393333333333333,0.9006666666666666,0.0596666666666666
2023-09-15,-0.0090826963352982,0.0052965879440307,0.0071471474890586,3.800048828125,0.0078978155851519,0.0349998474121093,0.0729372403126863,1.4900000000000002,15469.898749999998,0.0005114030273168,0.081,0.845,0.074
2023-09-18,0.0029188227021976,0.0041838884353637,0.0040465135766017,5.0999755859375,-0.0006944241619035,0.0480003356933593,0.0151136378100483,0.8900000000000006,15202.9489,0.0006030993061603,0.0835,0.825,0.092
2023-09-19,0.0022856390003425,0.0042915344238281,0.0002588326661272,2.0,0.0105942967547102,0.0399999618530273,0.0078264362494639,1.0200000000000014,15222.5074,0.0008125541583373,0.06475,0.86725,0.0685
2023-09-20,-0.0009939536517845,0.0051189661026,0.0070146644510382,16.4000244140625,-0.0036722085032228,0.0479998588562011,0.0704564821445801,1.58,15191.837349999998,0.0007559646459794,0.0562,0.858,0.0849999999999999
2023-09-21,-0.0027202094957808,0.0054517984390258,-0.0136619931399328,4.800048828125,0.0296771223317282,0.0279998779296875,0.1471437959472754,2.4400010000000005,14962.718300000002,0.0008151893777295,0.0386666666666666,0.8893333333333332,0.072
2023-09-22,0.0007992186092448,0.0056300163269042,0.0032253439402924,0.0,-0.0094191806176457,0.0620002746582031,-0.0195746019976375,1.4800000000000004,14697.152850000002,0.0008819343336341,0.0501666666666666,0.85,0.0999999999999999
2023-09-25,-0.0012253193745865,0.0078105926513671,-0.0045809808524142,0.0,0.0231635333028014,0.0469999313354492,-0.0175958200299129,1.619999,14697.628949999998,0.0006641697477459,0.0608,0.8612,0.0779999999999999
2023-09-26,-0.005352496698744,0.0040810108184814,-0.0084883670118787,4.699951171875,0.0035165467032084,0.0810003280639648,0.1139625186272135,2.3299999999999983,14763.191450000002,0.0009828103883967,0.07075,0.84875,0.08025
2023-09-27,-0.0020949525340855,0.0064672231674194,-0.0152707362119943,0.0,0.0148085980687134,0.1519999504089355,-0.0387563036091723,1.6799980000000012,14548.88125,0.0010402024199096,0.0721666666666666,0.8391666666666667,0.0885
2023-09-28,-0.0060904726318523,0.0086793899536132,-0.006002135474614,21.5,-0.006288604763013,0.0910000801086425,-0.049503865594673,1.7100009999999983,14578.618299999998,0.0009792621022663,0.0405,0.87425,0.0855
2023-09-29,0.0054249248145734,0.0059418678283691,-0.0066334603916072,26.300048828125,-0.0052345087126543,0.0669999122619628,0.0103271141558495,1.9099999999999984,14710.115,0.001088181365651,0.0445,0.8805000000000001,0.075
2023-10-02,0.000264060786973,0.0098237991333007,-0.0098421042458859,19.2000732421875,0.0237695142710597,0.0760002136230468,0.0051238937857848,1.619999,14717.008849999998,0.0009736155533099,0.0613333333333333,0.8526666666666666,0.086
2023-10-03,-0.0080289723807809,0.0044413805007934,-0.0029551953045939,14.0999755859375,0.0250935583949941,0.1110000610351562,0.1162043974566517,2.960000000000001,14833.25115,0.0010219153484889,0.048,0.882,0.07
2023-10-04,-0.000806750164114,0.0078723430633544,-0.0033487861038289,11.7999267578125,-0.0140507524964515,0.0669999122619628,-0.0625856433649896,2.580000000000002,14569.668049999998,0.0009353050520141,0.044,0.911,0.045
2023-10-05,0.0033147797707237,0.0035960674285888,-0.0010453767983573,10.7000732421875,-0.0038087489158312,0.0729999542236328,-0.004855687986659,1.3199999999999967,14776.0892,0.0010118032094025,0.0279999999999999,0.904,0.068
2023-10-06,0.0037580887037196,0.0114221572875976,0.0074586151734713,22.4000244140625,0.0141039939836631,0.1470003128051757,-0.0578903394440085,2.739999000000001,14718.7977,0.0007692583580865,0.022,0.865,0.113
2023-10-09,0.0019741653150437,0.0054970979690551,0.010490108470351,19.0,0.0027137083026529,0.0,0.0142249901219322,2.040001,14966.70555,0.0007354771987147,0.05925,0.8704999999999999,0.07025
2023-10-10,0.0010784244414369,0.0063560009002685,0.0061986453697419,8.5999755859375,-0.0300487524052252,0.0949997901916503,-0.0385881426824558,1.350000999999999,15047.64845,0.0007445622769621,0.089,0.8005,0.1105
2023-10-11,0.0024468013261512,0.0040775537490844,0.0063206856067081,5.5,-0.0129732456531325,0.059999942779541,-0.0567785923902093,1.6900009999999988,15136.54375,0.0009547873719177,0.0955,0.8285,0.0755
2023-10-12,0.0018362293444184,0.0093125104904174,-0.0018706079095983,14.199951171875,0.0251437135337969,0.1960000991821289,0.0366118365855674,2.639999999999999,15242.230550000002,0.0010154025375515,0.1185,0.7925,0.089
2023-10-13,-0.0082738759479995,0.0062394142150878,0.0306079017446639,52.5999755859375,-0.0177715212519247,0.064000129699707,0.1463310311945126,4.280000999999999,15185.254100000002,0.0007836301615739,0.058,0.87275,0.069
2023-10-16,-0.001442402272884,0.0038294792175292,-0.0032740311580042,10.7999267578125,0.0177715212519246,0.059000015258789,-0.1156502766666781,2.4300010000000007,15000.736500000005,0.0009692053316743,0.025,0.872,0.103
2023-10-17,0.0031086493721078,0.0061593055725097,0.0008324968566677,11.5,0.0282475583666483,0.0989999771118164,0.0381921616992611,1.5700019999999988,15164.1205,0.0011613795332025,0.114,0.758,0.127
2023-10-18,0.0017746511949462,0.0068374872207641,0.0168132365217318,22.9000244140625,0.0116911769143491,0.0939998626708984,0.0722686376960539,2.270000999999997,15119.5871,0.0016663806200991,0.044,0.89,0.066
2023-10-19,-0.0032722255890128,0.0056506395339965,0.0066773830904018,32.0,0.0169838520304392,0.1019997596740722,0.1074395705147969,2.850000999999999,14912.374099999995,0.0010890276955217,0.0545,0.8545,0.0905
2023-10-20,0.0045418654277607,0.0035282373428344,0.0071376321141812,8.199951171875,-0.0129138460545825,0.1009998321533203,0.0143820158006709,1.4099999999999966,14780.002,0.0011614538278142,0.034,0.934,0.031
2023-10-23,0.0003281899856529,0.0075529813766479,-0.0031322401557761,6.0,-0.0176197898091857,0.1660003662109375,-0.0637096584979618,3.599999999999998,14557.117299999998,0.0008653978334115,0.01,0.86,0.129
2023-10-24,0.0075153305689564,0.010624885559082,-0.0006580360180047,4.699951171875,0.0004133771259901,0.0619997978210449,-0.0712045480984062,1.59,14610.140399999998,0.0010191017726839,0.056,0.85275,0.09125
2023-10-25,-0.0070068769827512,0.0039900541305541,0.0045970001603473,14.10009765625,0.0230787152143614,0.1080002784729003,0.0623287506221063,2.379998999999998,14737.68865,0.0015634671848319,0.0865,0.813,0.101
2023-10-26,-0.0026558561409556,0.0043390989303588,0.0015611896722705,7.7999267578125,-0.0220462654306932,0.1409997940063476,0.0239795677860135,1.7399999999999984,14379.8907,0.0010412885593416,0.0413333333333333,0.8700000000000001,0.0886666666666666
2023-10-27,-0.0002641233964654,0.0061413049697875,0.0007042731011225,0.0,0.0,0.0490002632141113,0.0281305795719174,2.350000999999999,14116.409049999998,0.0009549973890604,0.05875,0.8280000000000001,0.113
2023-10-30,-0.0001901533629273,0.0077587366104125,0.0038144875229852,11.5999755859375,0.0061729024111788,0.054999828338623,-0.0741441378650149,1.6100010000000005,14186.769450000002,0.0008823848521582,0.059,0.902,0.039
2023-10-31,0.0049660774024852,0.0101470947265625,-0.0055257086747362,17.300048828125,0.0,0.0770001411437988,-0.0850341017869334,1.890001999999999,14333.663299999997,0.0010799566453578,,,
2023-11-01,-0.0033910961552048,0.0057896375656127,-0.0032290150880346,12.699951171875,-0.0177984759203519,0.125,-0.0725824337254995,1.7900010000000002,14412.295999999998,0.000578534095693,0.05275,0.889,0.0582499999999999
2023-11-02,0.0007514310744385,0.0085830688476562,0.0034304981256061,10.800048828125,-0.0253766806766211,0.0770001411437988,-0.0744272652720407,1.0400009999999984,14673.34385,0.0006977487627305,0.061,0.8734999999999999,0.0655
2023-11-03,0.0030218690662462,0.0121512413024902,0.0029670004669155,2.5,-0.0240609977801048,0.1589999198913574,-0.0490775617860099,0.92,14922.81955,0.0006357402199233,0.061,0.8475,0.0915
2023-11-06,0.0105900702619347,0.0033602714538574,-0.0049835367669279,4.199951171875,0.022560628998741,0.0580000877380371,-0.0013422820807294,0.7400000000000002,15101.55545,0.0006563884594804,0.062,0.8275,0.11
2023-11-07,-0.0009869601713547,0.0056828260421752,-0.0074967054908099,6.10009765625,-0.0197125580237416,0.0829997062683105,-0.0053872184162101,0.4599999999999991,15155.4128,0.0006502270627519,0.006,0.885,0.109
